#{"t_start": 1689183820.6311252, "env_id": null}
r,l,t
261,480,4.730711
366,480,4.9222
-546,480,5.174524
-387,480,5.402914
-582,480,5.593407
-339,480,5.755972
354,480,5.902579
-759,480,6.038257
-894,480,6.168901
330,480,6.291578
444,480,6.413214
-186,480,6.530898
-411,480,6.65058
-570,480,6.769262
-633,480,6.887943
-330,480,7.015602
177,480,7.140268
309,480,7.268924
-660,480,7.394588
-447,480,7.522247
-900,480,7.65589
-696,480,7.783549
48,480,7.915197
-651,480,8.045848
57,480,8.171511
45,480,8.29821
99,480,8.420885
-750,480,8.537534
129,480,8.655264
-69,480,8.771906
-633,480,8.888594
-24,480,9.004284
201,480,9.119014
66,480,9.234705
-858,480,9.347369
93,480,9.45907
-891,480,9.571767
-849,480,9.688457
-45,480,9.80315
-813,480,9.924825
243,480,10.040553
84,480,10.155207
-675,480,10.268904
-831,480,10.382599
-57,480,10.493303
-825,480,10.607036
-663,480,10.718701
-651,480,10.8314
-666,480,10.951119
-153,480,11.07874
-420,480,11.199416
-807,480,11.3181
291,480,11.443764
129,480,11.567433
21,480,11.694095
-597,480,11.8158
-681,480,11.941432
-768,480,12.060114
-786,480,12.177799
-741,480,12.291495
60,480,12.407214
-651,480,12.519925
114,480,12.634578
-54,480,12.748274
-423,480,12.85798
-639,480,12.967689
276,480,13.079389
-300,480,13.19109
-648,480,13.307812
-120,480,13.424501
456,480,13.55013
207,480,13.667847
-561,480,13.792516
135,480,13.910167
-738,480,14.029849
-516,480,14.147569
351,480,14.267248
-654,480,14.387892
-486,480,14.514555
-414,480,14.640252
297,480,14.764917
-291,480,14.881602
-714,480,14.997261
63,480,15.115984
-708,480,15.238616
-513,480,15.361289
-321,480,15.476978
-600,480,15.602686
447,480,15.725316
-819,480,15.842002
-690,480,15.959687
129,480,16.08236
-684,480,16.201076
333,480,16.315736
201,480,16.442398
-267,480,16.567065
-162,480,16.700706
-510,480,16.827368
387,480,16.954029
-123,480,17.08-228,480,76.834314
-273,480,80.308023
-225,480,84.301348
-222,480,87.674328
-255,480,90.893721
-225,480,94.214841
-261,480,97.677581
-270,480,100.974768
-258,480,104.444489
-300,480,108.081764
-240,480,111.547498
-243,480,114.896543
-216,480,118.276507
-231,480,121.707332
-303,480,125.14215
-216,480,128.658748
-231,480,132.042699
-219,480,135.549323
-246,480,139.087863
-216,480,143.192887
-225,480,146.830161
-357,480,150.472422
-195,480,154.272262
-210,480,159.610987
-273,480,163.648194
-246,480,167.612594
-207,480,172.141485
-285,480,175.840595
-231,480,179.595555
-276,480,183.278708
-162,480,187.573224
-231,480,191.248406
-216,480,195.031292
-231,480,198.633661
-201,480,202.899255
-249,480,207.151886
-270,480,211.247933
-264,480,215.099637
-249,480,220.098793
-237,480,227.165896
-261,480,232.634693
-291,480,237.339479
-243,480,241.268758
-285,480,245.667996
-162,480,251.761049
-225,480,256.603762
-219,480,261.706079
-222,480,267.810756
-186,480,273.344342
-342,480,278.553913
-246,480,283.726106
-270,480,288.191204
-204,480,293.092053
-240,480,297.144781
-303,480,302.182311
-297,480,306.203558
-213,480,310.17494
-282,480,314.163275
-240,480,318.229405
-261,480,322.747325
-267,480,326.984994
-183,480,331.035165
-249,480,335.092317
-351,480,338.955987
-192,480,343.044056
-261,480,346.995492
-120,480,351.142403
-240,480,354.994104
-204,480,359.118081
-234,480,363.158276
-153,480,367.244352
-165,480,371.090068
-240,480,375.197086
-282,480,379.213349
-207,480,383.911787
-363,480,387.893149
-198,480,391.996202
-108,480,396.053324
-132,480,400.373772
-192,480,404.423942
-282,480,408.467133
-366,480,412.531265
-183,480,416.656238
-216,480,420.54085
-354,480,424.8234
-210,480,428.823705
-348,480,432.947678
-279,480,436.925044
-207,480,441.397087
-324,480,445.868131
-309,480,449.903344
-213,480,454.675583
-159,480,458.726751
-234,480,462.796869
-225,480,466.938795
-243,480,470.905188
-144,480,475.030162
-132,480,479.087312
-183,480,483.237216
-156,480,487.202614
-168,480,567.061746
-156,480,570.92239
-114,480,574.86086
-135,480,578.853187
-69,480,583.041027
-72,480,586.89372
-57,480,590.86906
-114,480,594.60108
-93,480,598.470767
-135,480,602.250628
-177,480,606.185107
-180,480,610.010917
-123,480,613.998216
-132,480,617.814013
-129,480,622.287057
-99,480,626.295339
-150,480,630.271734
-138,480,634.012703
-123,480,637.949211
-72,480,642.075147
-171,480,646.003644
-129,480,650.04783
-24,480,654.032175
-126,480,658.78447
-165,480,664.893138
-24,480,670.728534
-57,480,676.313602
-129,480,680.583187
-126,480,685.83714
-36,480,690.338103
-45,480,694.475043
-111,480,699.647214
-51,480,705.20635
-48,480,710.025466
-36,480,714.500533
-117,480,718.443958
-81,480,722.38442
-36,480,726.511386
-189,480,730.594468
-99,480,734.403287
-27,480,738.595082
-63,480,743.252625
-108,480,747.368619
-78,480,751.31407
-126,480,755.377207
-111,480,759.399453
-78,480,763.504478
-48,480,767.402055
-171,480,771.535046
-108,480,775.528327
-63,480,779.581495
-60,480,783.522951
-72,480,787.621993
-66,480,791.663188
-21,480,795.696403
-36,480,799.682746
-108,480,804.405119
-81,480,808.492192
-132,480,812.594224
-78,480,816.59456
-72,480,820.753409
-132,480,824.745734
-150,480,828.8727
-60,480,832.975729
-60,480,837.141591
-75,480,841.247611
-69,480,845.469324
-108,480,849.458658
-60,480,853.731266
-102,480,857.883132
-21,480,862.638418
-93,480,866.830209
-96,480,871.140721
-42,480,875.276657
-45,480,879.644981
-9,480,884.096047
6,480,888.798506
-105,480,893.096981
-84,480,898.696011
-54,480,903.71459
-81,480,908.769077
9,480,913.91432
-27,480,918.973826
-36,480,924.598754
-72,480,929.167539
-60,480,933.419168
-114,480,937.710696
-108,480,941.982272
-63,480,946.211999
-21,480,950.498505
-111,480,954.890761
-39,480,959.287004
-48,480,963.662339
-57,480,968.058585
-63,480,972.434884
-36,480,976.778237
-12,480,981.419829
-102,480,986.180099
-57,480,990.464675
-54,480,994.744202
-63,480,1068.9466
-12,480,1073.331874
-99,480,1077.840818
-33,480,1082.191186
-39,480,1086.75598
-105,480,1091.239994
3,480,1095.566425
45,480,1099.953697
-51,480,1105.103925
-15,480,1109.594916
72,480,1113.861508
-15,480,1118.832217
-15,480,1123.407984
12,480,1128.11141
21,480,1132.427866
-69,480,1136.866998
-87,480,1141.576406
18,480,1145.921788
-63,480,1150.24423
-69,480,1155.344593
-6,480,1161.283714
3,480,1166.677293
18,480,1172.085831
3,480,1177.129348
24,480,1181.875656
24,480,1186.541182
-69,480,1190.752921
-33,480,1195.048436
33,480,1199.511504
-54,480,1204.107214
0,480,1208.436639
-54,480,1212.840864
-90,480,1217.151338
-45,480,1222.02032
-93,480,1226.503333
9,480,1230.949446
15,480,1235.335719
-57,480,1239.614279
3,480,1244.06837
3,480,1248.498524
-54,480,1253.00348
15,480,1257.346865
-45,480,1261.714189
-84,480,1266.033641
-69,480,1270.395975
-39,480,1274.777261
42,480,1279.042856
33,480,1284.096344
-15,480,1288.483614
6,480,1292.808053
-36,480,1297.125508
-48,480,1301.463908
51,480,1306.043663
24,480,1310.426943
-12,480,1314.718472
30,480,1319.09776
-3,480,1323.567809
27,480,1327.972032
6,480,1332.213691
69,480,1336.517185
-15,480,1341.177725
-21,480,1346.14644
-27,480,1350.518749
-18,480,1354.818253
63,480,1359.132718
18,480,1363.543923
-9,480,1367.843426
-24,480,1372.211747
-12,480,1376.563113
39,480,1380.907499
-6,480,1385.238915
48,480,1389.582304
93,480,1393.853882
12,480,1398.162362
72,480,1403.030346
-39,480,1407.574198
36,480,1411.813861
99,480,1416.210106
30,480,1420.650235
-33,480,1424.979659
9,480,1429.416797
33,480,1433.714306
42,480,1438.258157
36,480,1442.644429
6,480,1446.999784
27,480,1451.367106
-12,480,1455.675587
63,480,1460.189518
6,480,1465.089416
90,480,1469.426819
51,480,1473.725329
21,480,1478.111599
48,480,1482.785103
81,480,1487.163396
18,480,1491.482848
39,480,1495.813269
33,480,1500.222481
72,480,1504.602769
9,480,1508.885319
12,480,1513.134956
0,480,1592.795566
21,480,1597.848058
-21,480,1603.156863
63,480,1609.393188
69,480,1614.269153
27,480,1619.088266
-48,480,1623.73185
90,480,1628.634742
60,480,1633.275334
15,480,1638.098438
24,480,1643.667548
36,480,1648.74597
-3,480,1653.651852
81,480,1658.977615
69,480,1663.927379
123,480,1669.066639
60,480,1674.106163
-21,480,1679.337176
45,480,1684.383684
90,480,1689.39329
24,480,1694.72703
105,480,1699.932112
27,480,1705.721631
30,480,1710.874852
6,480,1716.038048
-3,480,1721.364809
93,480,1726.320556
99,480,1731.368062
81,480,1736.599074
-18,480,1741.676497
66,480,1746.748935
3,480,1751.703689
81,480,1756.764156
15,480,1762.596565
27,480,1767.856499
-93,480,1772.913978
66,480,1778.127039
-24,480,1783.269289
105,480,1788.341731
51,480,1793.332383
-27,480,1798.40881
63,480,1803.509173
-42,480,1808.548699
63,480,1813.608205
45,480,1818.637724
105,480,1824.396329
-33,480,1829.448822
72,480,1834.437479
9,480,1839.569756
87,480,1844.730957
108,480,1849.833315
105,480,1854.84292
3,480,1859.995145
45,480,1865.109506
60,480,1870.174928
0,480,1875.210464
48,480,1880.294871
54,480,1886.27791
75,480,1891.286479
-36,480,1896.397813
105,480,1901.564
-9,480,1906.884775
105,480,1912.040988
102,480,1917.09647
42,480,1922.150985
39,480,1927.261294
96,480,1932.268903
-18,480,1937.395198
30,480,1943.534782
96,480,1948.788733
120,480,1953.89907
-24,480,1958.984474
45,480,1964.444874
48,480,1969.647962
-21,480,1974.617675
141,480,1979.733994
108,480,1984.883263
75,480,1989.915771
75,480,1995.073981
93,480,2000.195287
99,480,2005.905021
30,480,2011.12207
126,480,2016.17556
102,480,2021.380641
132,480,2026.595699
72,480,2031.647192
96,480,2036.569031
111,480,2041.980563
120,480,2047.091898
18,480,2052.507417
138,480,2057.868086
192,480,2063.611728
105,480,2068.876686
156,480,2074.208395
117,480,2079.362615
150,480,2084.411117
141,480,2089.54838
87,480,2094.727534
66,480,2099.708215
66,480,2104.825567
117,480,2194.695442
66,480,2199.990286
75,480,2205.478612
66,480,2210.696659
156,480,2215.880798
87,480,2221.18761
177,480,2226.333852
66,480,2231.591791
93,480,2236.663231
69,480,2242.436795
78,480,2247.785494
24,480,2253.001547
78,480,2258.129835
141,480,2263.36085
90,480,2268.579894
75,480,2273.772012
129,480,2279.127693
57,480,2284.467415
72,480,2289.715384
111,480,2294.815748
129,480,2300.201347
243,480,2305.868196
102,480,2311.025407
0,480,2316.12178
174,480,2321.345813
99,480,2326.431215
48,480,2331.560502
126,480,2336.599029
147,480,2341.927781
123,480,2347.051084
132,480,2352.215276
84,480,2357.181999
120,480,2362.804962
132,480,2368.082852
60,480,2373.295912
144,480,2378.580783
147,480,2383.708074
72,480,2388.905176
156,480,2394.075357
141,480,2399.356233
48,480,2404.455599
186,480,2409.786346
153,480,2414.811909
90,480,2420.312202
111,480,2426.122667
81,480,2431.356673
93,480,2436.481968
81,480,2441.639182
105,480,2446.953969
168,480,2452.266763
177,480,2457.761075
135,480,2462.922274
132,480,2468.226092
84,480,2473.633636
132,480,2478.939449
159,480,2484.704035
78,480,2489.982921
180,480,2495.176037
180,480,2500.471876
153,480,2505.786669
105,480,2511.06655
201,480,2516.309532
153,480,2521.575453
129,480,2526.66584
147,480,2531.874913
195,480,2537.108921
162,480,2543.058012
90,480,2548.663026
153,480,2553.978812
102,480,2559.798254
171,480,2565.113044
123,480,2570.349045
147,480,2575.650868
123,480,2580.817054
156,480,2586.138827
165,480,2591.326953
189,480,2596.543009
240,480,2602.102144
183,480,2607.726108
162,480,2612.979061
195,480,2618.156219
165,480,2623.3992
141,480,2628.616253
180,480,2634.169406
171,480,2639.492174
195,480,2645.591864
168,480,2650.41397
192,480,2655.348777
210,480,2660.242692
108,480,2666.350361
213,480,2671.603344
225,480,2676.459332
174,480,2683.603899
96,480,2689.238832
201,480,2696.547292
132,480,2703.967741
105,480,2709.511904
105,480,2715.089743
222,480,2723.742048
198,480,2729.647351
258,480,2822.202444
195,480,2827.91503
207,480,2832.833981
183,480,2837.957283
237,480,2843.167353
192,480,2847.809938
216,480,2852.262036
204,480,2856.85376
225,480,2864.84498
192,480,2871.598922
129,480,2883.702559
273,480,2891.611412
174,480,2898.504982
147,480,2908.271869
198,480,2915.605261
216,480,2921.959271
162,480,2930.480488
177,480,2937.733096
282,480,2944.784244
198,480,2951.215048
120,480,2956.691406
213,480,2962.983593
204,480,2969.277753
147,480,2974.763087
210,480,2980.124751
126,480,2985.843461
231,480,2993.797195
261,480,2998.947426
165,480,3004.45071
153,480,3009.660781
195,480,3016.137483
240,480,3022.666452
237,480,3028.299954
150,480,3033.234272
141,480,3039.402778
153,480,3045.03871
162,480,3050.995784
168,480,3056.761599
195,480,3063.394485
159,480,3071.670291
204,480,3077.263512
207,480,3084.109905
243,480,3089.895438
156,480,3095.266196
138,480,3101.051925
132,480,3106.942517
174,480,3113.007847
195,480,3119.152924
195,480,3125.757039
219,480,3131.264498
189,480,3136.164482
291,480,3141.863986
243,480,3146.800115
225,480,3152.297417
192,480,3160.12449
219,480,3167.351167
255,480,3173.351126
216,480,3180.229734
234,480,3185.693126
186,480,3191.368951
213,480,3197.365976
204,480,3203.610012
207,480,3209.912692
222,480,3216.176091
213,480,3222.642096
252,480,3228.135207
180,480,3234.199142
231,480,3239.636169
267,480,3247.576525
234,480,3254.576743
162,480,3260.40516
207,480,3265.533471
240,480,3272.321095
198,480,3278.55087
273,480,3284.052228
246,480,3289.851721
234,480,3296.717504
138,480,3301.894326
231,480,3309.669112
219,480,3315.289229
213,480,3321.870631
213,480,3326.947058
264,480,3332.886179
207,480,3338.098242
240,480,3343.91469
237,480,3349.331213
279,480,3355.582498
243,480,3361.127672
225,480,3367.385939
228,480,3372.748601
0.999697
-171,480,501.153253
-246,480,501.288884
-258,480,501.433528
-189,480,501.590079
99,480,501.745663
228,480,501.895266
-168,480,502.054836
-132,480,502.229403
-324,480,502.396954
-69,480,502.551542
-312,480,502.697154
-222,480,502.833797
102,480,502.971434
309,480,503.114004
78,480,503.247682
324,480,503.376302
276,480,503.498975
114,480,503.62464
33,480,503.743353
300,480,503.870018
-54,480,503.989665
87,480,504.110343
207,480,504.229024
-201,480,504.344748
69,480,504.463428
117,480,504.592085
114,480,504.712776
-108,480,504.832409
72,480,504.948101
-132,480,505.061798
-75,480,505.174495
-393,480,505.283204
-270,480,505.392913
27,480,505.502652
189,480,505.616313
204,480,505.725055
-129,480,505.832735
-126,480,505.942479
-30,480,506.051152
-135,480,506.159898
69,480,506.267572
48,480,506.376281
153,480,506.483994
162,480,506.596728
33,480,506.708394
39,480,506.823123
-234,480,506.93479
162,480,507.048486
240,480,507.160185
207,480,507.269898
93,480,507.379601
-54,480,507.489308
153,480,507.600042
174,480,507.711374
126,480,507.82507
363,480,507.933811
-105,480,508.04947
-90,480,508.162203
42,480,508.271911
-33,480,508.380585
18,480,508.491289
99,480,508.601991
-3,480,508.711733
156,480,508.821407
93,480,508.933138
87,480,509.044809
9,480,509.156547
117,480,509.265218
-249,480,509.37293
102,480,509.486662
363,480,509.602317
300,480,509.710065
255,480,509.81874
285,480,509.933432
174,480,510.050151
57,480,510.166809
-282,480,510.28353
123,480,510.397192
102,480,510.51491
39,480,510.640573
-189,480,510.759256
-132,480,510.878904
174,480,510.996589
216,480,511.115272
249,480,511.233953
258,480,511.352672
303,480,511.466366
45,480,511.590002
171,480,511.70669
210,480,511.823378
324,480,511.941065
162,480,512.069754
-78,480,512.193389
-138,480,512.308164
-165,480,512.422776
-69,480,512.537469
195,480,512.651203
-354,480,512.762866
273,480,512.873572
0,480,512.98228
219,480,513.091986
-24,480,513.20269
-327,480,513.309405
132,480,513.418115
234,480,513.527821
-84,480,513.638561
-78,480,513.748264
306,480,513.856943
-252,480,513.96469
174,480,514.07436
210,480,514.184067
306,480,514.298762
-150,480,514.417444
-99,480,514.539118
267,480,514.664781
294,480,514.805405
-93,480,514.945034
-333,480,515.078711
141,480,515.206335
-282,480,515.327011
-69,480,515.45068
-303,480,515.574351
87,480,515.69802
252,480,515.820732
267,480,515.938376
54,480,516.052072
-9,480,516.166765
225,480,516.28146
-150,480,516.393192
39,480,516.504898
180,480,516.622548
-213,480,516.742229
-294,480,516.863939
-141,480,516.980591
180,480,517.099273
-225,480,517.217956
261,480,517.344616
318,480,517.467322
282,480,517.587967
-42,480,517.709642
-201,480,517.828323
33,480,517.945941
270,480,518.063659
90,480,518.180345
288,480,518.294041
336,480,518.408734
6,480,518.522436
195,480,518.641081
294,480,518.755776
-114,480,518.878446
-120,480,519.014121
-162,480,519.141774
75,480,519.266409
243,480,519.384094
39,480,519.508863
48,480,519.628541
189,480,519.748221
57,480,519.87588
336,480,519.996558
-66,480,520.114277
246,480,520.232925
-288,480,520.348618
252,480,520.4673
-189,480,520.584984
168,480,520.698679
-375,480,520.809384
-366,480,520.919091
264,480,521.033785
159,480,521.148478
282,480,521.268159
270,480,521.384845
-45,480,521.513501
-201,480,521.626202
-228,480,521.736904
-66,480,521.847608
-255,480,521.956317
312,480,522.066365
126,480,522.176111
-201,480,522.286776
207,480,522.39748
-231,480,522.511175
150,480,522.620882
-411,480,522.730622
300,480,522.840297
-237,480,522.952995
162,480,523.065693
-129,480,523.178393
270,480,523.290093
-249,480,523.401796
-75,480,523.514864
30,480,523.62653
-117,480,523.736272
111,480,523.849934
258,480,523.959697
-276,480,524.071435
135,480,524.182102
321,480,524.291807
-192,480,524.399555
-270,480,524.508229
57,480,524.621926
-111,480,524.733628
-21,480,524.844329
192,480,524.95698
30,480,525.069714
-210,480,525.178423
222,480,525.287496
312,480,525.396206
-123,480,525.504916
-36,480,525.621605
360,480,525.739474
297,480,525.861187
-318,480,525.98083
183,480,526.101507
-267,480,526.220222
-321,480,526.336911
132,480,526.458583
-225,480,526.577235
99,480,526.695917
156,480,526.847513
-204,480,526.997111
207,480,527.140703
63,480,527.286313
-312,480,527.427936
-57,480,527.586511
36,480,527.727164
339,480,527.877734
12,480,528.024342
108,480,528.174937
108,480,528.30858
-255,480,528.431287
-30,480,528.552968
162,480,528.670614
117,480,528.794281
387,480,528.936902
-165,480,529.080518
333,480,529.219147
-99,480,529.349796
303,480,529.469476
-291,480,529.599131
-348,480,529.74175
384,480,529.870864
174,480,529.988547
255,480,530.10723
72,480,530.223956
102,480,530.334661
318,480,530.449347
360,480,530.559024
387,480,530.668729
-195,480,530.776442
261,480,530.886147
408,480,530.997852
-45,480,531.10859
192,480,531.220253
141,480,531.330958
273,480,531.440665
156,480,531.550372
171,480,531.661119
339,480,531.768789
396,480,531.879491
90,480,531.990196
-351,480,532.1009
-117,480,532.212639
66,480,532.3253
-240,480,532.437001
120,480,532.548702
264,480,532.660405
-246,480,532.769149
-204,480,532.880847
270,480,533.009571
108,480,533.130277
351,480,533.252919
63,480,533.552117
249,480,533.866278
327,480,534.22532
-282,480,534.627244
-306,480,534.896528
147,480,535.161814
168,480,535.356302
291,480,535.569098
240,480,535.802474
150,480,535.975192
-165,480,536.126856
87,480,536.277977
288,480,536.426691
-165,480,536.585099
414,480,536.727907
234,480,536.874314
123,480,537.013284
246,480,537.161247
-51,480,537.313207
189,480,537.462314
258,480,537.638214
36,480,537.781756
-378,480,537.924928
-210,480,538.074529
-147,480,538.229203
-123,480,538.39773
216,480,538.565283
-84,480,538.724364
-270,480,538.908871
24,480,539.083704
288,480,539.233387
-141,480,539.369267
-252,480,539.511067
273,480,539.649758
-246,480,539.776013
-150,480,539.909147
-114,480,540.0381
-42,480,540.17056
-213,480,540.30436
201,480,540.432362
-249,480,540.569405
330,480,540.702041
30,480,540.837572
60,480,540.958827
312,480,541.099985
159,480,541.23358
-264,480,541.360133
-312,480,541.49474
-174,480,541.620606
333,480,541.742836
156,480,541.865924
-144,480,541.993263
285,480,542.123575
-33,480,542.245485
-54,480,542.363946
15,480,542.504806
327,480,542.641172
90,480,542.766971
-21,480,542.905104
-156,480,543.03621
-306,480,543.166567
135,480,543.299153
-33,480,543.427694
120,480,543.557887
198,480,543.696217
141,480,543.832666
-162,480,543.957943
351,480,544.102811
-57,480,544.234578
-174,480,544.36898
177,480,544.504882
-168,480,544.636039
351,480,544.758477
-75,480,544.880159
315,480,544.999279
-54,480,545.120877
426,480,545.238588
159,480,545.357957
-183,480,545.474413
-147,480,545.590595
-189,480,545.70621
249,480,545.819034
45,480,545.933737
6,480,546.045721
177,480,546.157154
294,480,546.270073
-177,480,546.387075
-195,480,546.50768
147,480,546.634508
-111,480,546.77489
-219,480,546.911496
309,480,547.051433
-108,480,547.204085
339,480,547.356896
-294,480,547.545633
-120,480,547.766641
291,480,547.93766
24,480,548.153565
141,480,548.352035
-129,480,548.632287
-246,480,548.859765
51,480,549.05285
-15,480,549.231786
-33,480,549.409197
-84,480,549.576357
-225,480,549.737059
-75,480,549.879281
33,480,550.042766
324,480,550.274148
-96,480,550.454826
-240,480,550.660852
-144,480,550.885147
201,480,551.090547
432,480,551.245411
285,480,551.391523
-42,480,551.532584
-60,480,551.67012
-45,480,551.814719
-147,480,551.944791
-123,480,552.075404
318,480,552.204612
228,480,552.328174
-96,480,552.450119
-72,480,552.581123
153,480,552.703309
33,480,552.831283
69,480,552.955626
-168,480,553.088903
78,480,553.231124
321,480,553.36309
54,480,553.486864
-165,480,553.611298
363,480,553.731627
-57,480,553.851194
63,480,553.968854
-147,480,554.084198
18,480,554.199255
-351,480,554.313096
-114,480,554.423405
6,480,554.535213
42,480,554.649179
-75,480,554.762315
-9,480,554.881636
-93,480,555.002698
21,480,555.122903
18,480,555.244465
138,480,555.365874
-42,480,555.483734
123,480,555.604083
75,480,555.721541
-177,480,555.842018
-135,480,555.963439
-48,480,556.083621
372,480,556.201839
-168,480,556.31959
-144,480,556.436833
-48,480,556.551532
216,480,556.668478
162,480,556.787753
27,480,556.906229
27,480,557.01919
-48,480,557.133727
105,480,557.246437
246,480,557.359969
33,480,557.472242
-84,480,557.591305
72,480,557.703053
24,480,557.81703
39,480,557.932246
150,480,558.046542
138,480,558.160473
330,480,558.274513
126,480,558.387869
129,480,558.499748
237,480,558.609498
6,480,558.717205
267,480,558.824157
291,480,558.931871
153,480,559.03958
198,480,559.146649
294,480,559.254393
168,480,559.36307
195,480,559.483747
-27,480,559.604424
-249,480,559.735078
-30,480,559.865726
-66,480,559.999372
-120,480,560.146976
-39,480,560.286602
45,480,560.42523
-27,480,560.557875
6,480,560.684537
-153,480,560.816186
-264,480,560.950826
33,480,561.103417
45,480,561.245039
228,480,561.386661
141,480,561.534298
69,480,561.666947
21,480,561.79457
399,480,561.921264
-24,480,562.060857
90,480,562.186755
-48,480,562.313456
48,480,562.433095
48,480,562.555767
-192,480,562.679436
24,480,562.808196
321,480,562.934849
114,480,563.058218
243,480,994.899785
195,480,995.049733
276,480,995.185203
324,480,995.315276
333,480,995.442996
126,480,995.565948
291,480,995.689617
426,480,995.814733
429,480,995.932194
258,480,996.048614
267,480,996.16297
168,480,996.277089
279,480,996.388601
315,480,996.50089
369,480,996.614806
324,480,996.725549
297,480,996.835006
198,480,996.953249
141,480,997.067043
378,480,997.181647
285,480,997.291441
324,480,997.401472
372,480,997.51811
402,480,997.631777
204,480,997.74446
273,480,997.854781
360,480,997.964125
240,480,998.075601
261,480,998.192329
348,480,998.306185
414,480,998.419739
159,480,998.535075
336,480,998.648367
189,480,998.760679
198,480,998.869628
330,480,998.98174
156,480,999.10119
363,480,999.215275
384,480,999.328414
225,480,999.441327
69,480,999.552814
327,480,999.666032
213,480,999.781199
120,480,999.909305
279,480,1000.029016
240,480,1000.158127
297,480,1000.321626
246,480,1000.459247
126,480,1000.589035
339,480,1000.714879
417,480,1000.837512
405,480,1000.960382
240,480,1001.081717
126,480,1001.204698
180,480,1001.324615
123,480,1001.44329
258,480,1001.561657
405,480,1001.679828
228,480,1001.795999
318,480,1001.911099
321,480,1002.02545
246,480,1002.142454
177,480,1002.261446
366,480,1002.381352
375,480,1002.500338
216,480,1002.616503
318,480,1002.735569
348,480,1002.85231
456,480,1002.967214
264,480,1003.085108
351,480,1003.203555
129,480,1003.322134
267,480,1003.439852
405,480,1003.554779
282,480,1003.668274
282,480,1003.782405
255,480,1003.895159
378,480,1004.004039
345,480,1004.117378
57,480,1004.228706
351,480,1004.34177
234,480,1004.451627
177,480,1004.563561
285,480,1004.674206
228,480,1004.787148
381,480,1004.900459
282,480,1005.011129
159,480,1005.128316
354,480,1005.242462
198,480,1005.356176
399,480,1005.467732
435,480,1005.580478
333,480,1005.695164
330,480,1005.807234
243,480,1005.917152
393,480,1006.027616
372,480,1006.140596
291,480,1006.25606
183,480,1006.365762
162,480,1006.477994
228,480,1006.590117
261,480,1006.70124
246,480,1006.812122
381,480,1006.921817
249,480,1007.032334
279,480,1007.146412
351,480,1007.258132
180,480,1007.373925
375,480,1007.487581
282,480,1007.599789
144,480,1007.71138
93,480,1007.823811
321,480,1007.936758
225,480,1008.047051
297,480,1008.159723
399,480,1008.270347
183,480,1008.386325
240,480,1008.502062
210,480,1008.620818
150,480,1008.739105
240,480,1008.859876
162,480,1008.977087
423,480,1009.095235
300,480,1009.21616
246,480,1009.335438
204,480,1009.454676
144,480,1009.572133
180,480,1009.69253
171,480,1009.809987
186,480,1009.9291
417,480,1010.046632
300,480,1010.164798
399,480,1010.282582
414,480,1010.399579
426,480,1010.518543
279,480,1010.636424
420,480,1010.757479
381,480,1010.872803
240,480,1010.986634
369,480,1011.100604
351,480,1011.214145
111,480,1011.326654
315,480,1011.43796
429,480,1011.54926
237,480,1011.661932
189,480,1011.771706
291,480,1011.881389
210,480,1011.992564
240,480,1012.106127
72,480,1012.219958
234,480,1012.332988
291,480,1012.445445
384,480,1012.558625
375,480,1012.671419
177,480,1012.782408
195,480,1012.891493
288,480,1013.00098
162,480,1013.114434
366,480,1013.227018
204,480,1013.337085
393,480,1013.44734
357,480,1013.559775
228,480,1013.671881
306,480,1013.782571
135,480,1013.891498
366,480,1014.003286
378,480,1014.115527
459,480,1014.228426
225,480,1014.340699
252,480,1014.451019
381,480,1014.572248
291,480,1014.685924
450,480,1014.799047
414,480,1014.911337
135,480,1015.022601
246,480,1015.136613
261,480,1015.247513
228,480,1015.360142
261,480,1015.47085
330,480,1015.583006
255,480,1015.699969
453,480,1015.81701
228,480,1015.93714
336,480,1016.061232
285,480,1016.182429
330,480,1016.308214
132,480,1016.431948
435,480,1016.553163
411,480,1016.672789
408,480,1016.790678
381,480,1016.909997
315,480,1017.028226
444,480,1017.144856
219,480,1017.266001
225,480,1017.384019
303,480,1017.503013
303,480,1017.62149
312,480,1017.739192
156,480,1017.853977
150,480,1017.966621
396,480,1018.081016
372,480,1018.194473
357,480,1018.307309
393,480,1018.422094
441,480,1018.533914
228,480,1018.647325
375,480,1018.757098
423,480,1018.867242
408,480,1018.977571
300,480,1019.093095
243,480,1019.203928
210,480,1019.314535
195,480,1019.426872
258,480,1019.542361
330,480,1019.65632
141,480,1019.769527
414,480,1019.880091
237,480,1019.997318
351,480,1020.110407
267,480,1020.225085
189,480,1020.335571
360,480,1020.446003
348,480,1020.561726
210,480,1020.674313
309,480,1020.784732
375,480,1020.8946
144,480,1021.005603
327,480,1021.119253
408,480,1021.233205
318,480,1021.344706
201,480,1021.455751
234,480,1021.567858
378,480,1021.682061
438,480,1021.791363
117,480,1021.902362
153,480,1022.015925
339,480,1022.130125
165,480,1022.244528
195,480,1022.357473
123,480,1022.469056
354,480,1022.581823
405,480,1022.695385
297,480,1022.805945
306,480,1022.915889
330,480,1023.033357
420,480,1023.153771
171,480,1023.272764
306,480,1023.391762
375,480,1023.510532
192,480,1023.627087
81,480,1023.74823
192,480,1023.87175
384,480,1023.990981
216,480,1024.111754
417,480,1024.237834
387,480,1024.361588
468,480,1024.482641
183,480,1024.602525
195,480,1024.722261
306,480,1024.839954
372,480,1024.957509
312,480,1025.074023
435,480,1025.193452
411,480,1025.313264
261,480,1025.429183
333,480,1025.543304
351,480,1025.656084
189,480,1025.771477
195,480,1025.885271
165,480,1025.995831
315,480,1026.109889
420,480,1026.224805
273,480,1026.340492
309,480,1026.451854
351,480,1026.562947
321,480,1026.675656
360,480,1026.786803
210,480,1026.896341
375,480,1027.007464
213,480,1027.11987
399,480,1027.231478
237,480,1027.344319
231,480,1027.455085
138,480,1027.568171
183,480,1027.679883
408,480,1027.79085
348,480,1027.903459
411,480,1028.013092
390,480,1028.126605
231,480,1028.239482
171,480,1028.354422
150,480,1028.465396
291,480,1028.575467
138,480,1028.682183
447,480,1028.793874
324,480,1028.903477
255,480,1029.014708
303,480,1029.126678
228,480,1029.24568
288,480,1029.36042
141,480,1029.474814
381,480,1029.586413
189,480,1029.699466
372,480,1029.816654
252,480,1029.929043
360,480,1030.041223
189,480,1030.156172
204,480,1030.27416
294,480,1030.392804
177,480,1030.514872
321,480,1030.635074
351,480,1030.753765
228,480,1030.874269
309,480,1030.992659
393,480,1031.111332
177,480,1031.228725
159,480,1031.355418
348,480,1031.475867
249,480,1031.598025
273,480,1031.715071
360,480,1031.832496
237,480,1031.949759
189,480,1032.066596
378,480,1032.183733
396,480,1032.298391
258,480,1032.413836
246,480,1032.532619
450,480,1032.651269
282,480,1032.76651
216,480,1032.880972
315,480,1032.993721
36,480,1033.106187
177,480,1033.219456
291,480,1033.331257
222,480,1033.443645
333,480,1033.555408
360,480,1033.666804
219,480,1033.776538
366,480,1033.888121
258,480,1033.998098
228,480,1034.111288
288,480,1034.225169
303,480,1034.336944
432,480,1034.450646
297,480,1034.562259
342,480,1034.674548
297,480,1034.784074
213,480,1034.893945
273,480,1035.005233
357,480,1035.117561
318,480,1035.230217
390,480,1035.340431
291,480,1035.451482
396,480,1035.562745
219,480,1035.675183
324,480,1035.78432
144,480,1035.895581
201,480,1036.009025
438,480,1036.122892
378,480,1036.237215
363,480,1036.351385
291,480,1036.465521
324,480,1036.583531
387,480,1036.700347
417,480,1036.813766
381,480,1036.927593
222,480,1037.045099
372,480,1037.162786
426,480,1037.280404
264,480,1037.398488
363,480,1037.518844
324,480,1037.640261
426,480,1037.756503
369,480,1037.873089
345,480,1037.989831
441,480,1038.113747
453,480,1038.231002
156,480,1038.34681
126,480,1038.464594
300,480,1038.581105
255,480,1038.701702
219,480,1038.821799
333,480,1038.938456
309,480,1039.055981
141,480,1039.172558
273,480,1039.298651
369,480,1039.427572
363,480,1039.57208
414,480,1039.715486
297,480,1039.856139
384,480,1039.996718
375,480,1040.140837
123,480,1040.291434
282,480,1040.442031
342,480,1040.585305
348,480,1040.731903
378,480,1040.870532
366,480,1041.015145
270,480,1041.177711
255,480,1041.337284
294,480,1041.493166
330,480,1041.668823
225,480,1041.812221
441,480,1041.945884
396,480,1042.078312
291,480,1042.206427
360,480,1042.33964
318,480,1042.465711
345,480,1042.593864
375,480,1042.72149
210,480,1042.844787
96,480,1042.970286
291,480,1043.090587
162,480,1043.206232
327,480,1043.322461
270,480,1043.435878
183,480,1043.549007
270,480,1043.663763
297,480,1043.777719
333,480,1043.891973
216,480,1044.002423
261,480,1044.114936
273,480,1044.230358
240,480,1044.342395
216,480,1044.453086
297,480,1044.574683
207,480,1044.688977
312,480,1044.802703
264,480,1044.91937
282,480,1045.036365
417,480,1045.155344
267,480,1045.273227
333,480,1045.392364
435,480,1045.512422
291,480,1045.630509
192,480,1045.748561
174,480,1045.866793
279,480,1045.988085
387,480,1046.108099
270,480,1046.228277
300,480,1046.347092
387,480,1046.466845
300,480,1046.585741
261,480,1046.70454
357,480,1046.821649
426,480,1046.943353
255,480,1047.061489
327,480,1047.177722
93,480,1047.293336
231,480,1047.407128
315,480,1047.519444
306,480,1047.631272
309,480,1047.74335
333,480,1047.853085
240,480,1047.962599
279,480,1048.07394
423,480,1048.188191
198,480,1048.301207
252,480,1048.416534
270,480,1048.529866
303,480,1048.644085
378,480,1048.757719
330,480,1048.868167
336,480,1048.977879
360,480,1049.092315
456,480,1049.20346
279,480,1049.315169
165,480,1049.426101
210,480,1049.538493
330,480,1049.651318
405,480,1049.763026
306,480,1049.873929
291,480,1049.983535
330,480,1050.095648
357,480,1050.211318
132,480,1050.324653
291,480,1050.437929
306,480,1050.552529
123,480,1050.662816
312,480,1050.775425
324,480,1050.885303
315,480,1050.998841
300,480,1051.112175
141,480,1051.225283
324,480,1051.338131
366,480,1051.452956
354,480,1051.564727
249,480,1051.676989
237,480,1051.79006
171,480,1051.903726
372,480,1052.017955
174,480,1052.134541
276,480,1052.253356
222,480,1052.372061
189,480,1052.492867
297,480,1052.610166
315,480,1052.727657
354,480,1052.846042
135,480,1052.963828
150,480,1053.081273
333,480,1053.198135
366,480,1053.317878
462,480,1053.435171
354,480,1053.551555
258,480,1053.669268
309,480,1053.786611
150,480,1053.905409
225,480,1054.024717
294,480,1054.141256
411,480,1054.257815
234,480,1054.381736
180,480,1054.499252
372,480,1054.615122
264,480,1054.726247
348,480,1054.842934
219,480,1054.960751
303,480,1055.075248
333,480,1055.188319
396,480,1055.299728
177,480,1055.414857
330,480,1055.5271
375,480,1055.640175
243,480,1055.750242
288,480,1055.86168
222,480,1055.975584
291,480,1056.097653
84,480,1056.210691
237,480,1056.322267
369,480,1056.435106
162,480,1056.552352
342,480,1056.668431
147,480,1056.781291
324,480,1056.895079
294,480,1057.011943
336,480,1057.126361
273,480,1057.239177
300,480,1057.351108
318,480,1057.464165
168,480,1057.575641
228,480,1057.688359
219,480,1057.796407
327,480,1057.904654
411,480,1058.013363
60,480,1058.124104
171,480,1058.229832
390,480,1058.337497
348,480,1058.44325
234,480,1058.548931
378,480,1058.659636
201,480,1058.76635
261,480,1058.873066
309,480,1058.981774
363,480,1059.095503
201,480,1059.22313
285,480,1059.417612
297,480,1059.578179
342,480,1059.710869
294,480,1059.85544
375,480,1059.981134
348,480,1060.118766
447,480,1060.246429
294,480,1060.365076
384,480,1060.478772
294,480,1060.592468
390,480,1060.707367
396,480,1060.822582
321,480,1060.931292
411,480,1061.050972
369,480,1061.162712
363,480,1061.275374
387,480,1061.388107
276,480,1061.500771
213,480,1061.614467
195,480,1061.728161
306,480,1061.83687
117,480,1061.942588
225,480,1062.05233
354,480,1062.159011
273,480,1062.268716
282,480,1062.374433
315,480,1062.48015
126,480,1062.58487
132,480,1062.695576
312,480,1062.799297
402,480,1062.90302
363,480,1063.00774
342,480,1063.118444
216,480,1063.223164
414,480,1063.324932
417,480,1063.429612
195,480,1063.536327
315,480,1063.641047
153,480,1063.742819
423,480,1063.849489
288,480,1063.953251
117,480,1064.057932
411,480,1064.170065
423,480,1064.279968
162,480,1064.388679
303,480,1064.493362
222,480,1513.288544
318,480,1513.430166
399,480,1513.5678
276,480,1513.684524
171,480,1513.796187
432,480,1513.905932
432,480,1514.011612
372,480,1514.118326
318,480,1514.228033
294,480,1514.335745
186,480,1514.451472
318,480,1514.566161
375,480,1514.680824
429,480,1514.791528
276,480,1514.903229
306,480,1515.011937
171,480,1515.124635
237,480,1515.234344
384,480,1515.343091
282,480,1515.465758
375,480,1515.580417
384,480,1515.692157
420,480,1515.802823
177,480,1515.909569
357,480,1516.019246
294,480,1516.128985
276,480,1516.238689
345,480,1516.345404
411,480,1516.45675
414,480,1516.568452
165,480,1516.678159
375,480,1516.785872
240,480,1516.893623
204,480,1516.998302
306,480,1517.105017
258,480,1517.210734
432,480,1517.315493
375,480,1517.417224
189,480,1517.520941
126,480,1517.627621
354,480,1517.732339
255,480,1517.836062
222,480,1517.938823
318,480,1518.047497
252,480,1518.154212
318,480,1518.260927
312,480,1518.366643
189,480,1518.469404
426,480,1518.575124
408,480,1518.681803
354,480,1518.789513
282,480,1518.89623
198,480,1519.002944
249,480,1519.111651
216,480,1519.219364
261,480,1519.323086
408,480,1519.43379
267,480,1519.540537
366,480,1519.648219
339,480,1519.758921
234,480,1519.877603
225,480,1519.993294
429,480,1520.115967
336,480,1520.241664
285,480,1520.375276
321,480,1520.517895
459,480,1520.662538
390,480,1520.802174
270,480,1520.93079
444,480,1521.077397
168,480,1521.209045
309,480,1521.345681
444,480,1521.485306
297,480,1521.635905
339,480,1521.780517
339,480,1521.923169
426,480,1522.077723
318,480,1522.213359
144,480,1522.339023
396,480,1522.466683
213,480,1522.594375
255,480,1522.718009
297,480,1522.838731
264,480,1522.962356
474,480,1523.094005
252,480,1523.216678
141,480,1523.337389
399,480,1523.453046
222,480,1523.565781
459,480,1523.677488
417,480,1523.79114
363,480,1523.903838
351,480,1524.014542
192,480,1524.124288
441,480,1524.230964
276,480,1524.336681
363,480,1524.439444
243,480,1524.544168
225,480,1524.64988
270,480,1524.757556
261,480,1524.862276
261,480,1524.965001
384,480,1525.072714
261,480,1525.178431
294,480,1525.283189
444,480,1525.387871
153,480,1525.491594
402,480,1525.599305
273,480,1525.706059
183,480,1525.813732
189,480,1525.917456
258,480,1526.023174
339,480,1526.13288
303,480,1526.240591
438,480,1526.344313
177,480,1526.448036
261,480,1526.552794
276,480,1526.659507
183,480,1526.781183
213,480,1526.893844
189,480,1527.002553
435,480,1527.11226
306,480,1527.219972
270,480,1527.326687
225,480,1527.431408
225,480,1527.541113
300,480,1527.647829
171,480,1527.753581
258,480,1527.858302
420,480,1527.962986
324,480,1528.068703
432,480,1528.175418
426,480,1528.282133
420,480,1528.389844
297,480,1528.491572
417,480,1528.597333
390,480,1528.70201
258,480,1528.807729
372,480,1528.915463
396,480,1529.025147
177,480,1529.135881
363,480,1529.247551
417,480,1529.360286
279,480,1529.469992
231,480,1529.586678
345,480,1529.702337
252,480,1529.816031
246,480,1529.925738
150,480,1530.036442
255,480,1530.145624
300,480,1530.254335
378,480,1530.363043
354,480,1530.471752
216,480,1530.587475
261,480,1530.696189
327,480,1530.806859
183,480,1530.918558
354,480,1531.043224
321,480,1531.150974
348,480,1531.259647
363,480,1531.368358
297,480,1531.483048
273,480,1531.591758
219,480,1531.696478
405,480,1531.802195
387,480,1531.907914
447,480,1532.028637
219,480,1532.133311
258,480,1532.23807
384,480,1532.340791
333,480,1532.443481
414,480,1532.547247
405,480,1532.651923
219,480,1532.755683
288,480,1532.859369
246,480,1532.962131
279,480,1533.066854
261,480,1533.170574
375,480,1533.274291
273,480,1533.377022
456,480,1533.478713
258,480,1533.585427
366,480,1533.68915
312,480,1533.79387
312,480,1533.89859
228,480,1534.004308
444,480,1534.109064
408,480,1534.217736
411,480,1534.324451
390,480,1534.429219
351,480,1534.54187
444,480,1534.64862
219,480,1534.751348
303,480,1534.855072
324,480,1534.956798
357,480,1535.061517
276,480,1535.16624
219,480,1535.270921
258,480,1535.373646
390,480,1535.478404
381,480,1535.590069
378,480,1535.696818
417,480,1535.803533
411,480,1535.909214
285,480,1536.014931
402,480,1536.118654
429,480,1536.230357
420,480,1536.334078
357,480,1536.43883
303,480,1536.548505
189,480,1536.660208
246,480,1536.768919
291,480,1536.880654
261,480,1536.989365
261,480,1537.099084
423,480,1537.214764
252,480,1537.327427
354,480,1537.437169
207,480,1537.547869
255,480,1537.662563
387,480,1537.776224
360,480,1537.890917
261,480,1538.013621
333,480,1538.122297
312,480,1538.234
249,480,1538.342707
348,480,1538.449424
414,480,1538.556173
330,480,1538.667838
294,480,1538.774589
258,480,1538.882305
402,480,1538.986987
381,480,1539.094734
150,480,1539.200451
270,480,1539.305135
309,480,1539.41089
246,480,1539.514613
201,480,1539.621327
216,480,1539.726045
345,480,1539.835754
414,480,1539.940473
315,480,1540.054168
342,480,1540.160848
318,480,1540.266603
399,480,1540.371321
222,480,1540.475008
285,480,1540.582691
330,480,1540.68742
198,480,1540.791138
279,480,1540.894866
267,480,1540.999544
387,480,1541.104298
288,480,1541.215965
420,480,1541.324674
423,480,1541.427398
426,480,1541.530123
201,480,1541.635841
258,480,1541.739563
330,480,1541.84229
381,480,1541.945051
351,480,1542.05871
429,480,1542.189396
414,480,1542.315062
312,480,1542.433886
345,480,1542.546583
342,480,1542.663235
219,480,1542.772986
246,480,1542.880697
300,480,1542.988366
342,480,1543.098111
408,480,1543.204787
315,480,1543.313498
336,480,1543.419216
351,480,1543.529918
330,480,1543.635635
378,480,1543.74634
264,480,1543.854084
303,480,1543.967747
312,480,1544.080478
294,480,1544.194141
327,480,1544.308875
201,480,1544.419539
87,480,1544.53124
264,480,1544.64793
429,480,1544.759631
381,480,1544.873362
450,480,1544.983033
390,480,1545.096765
168,480,1545.206474
195,480,1545.314149
276,480,1545.42389
201,480,1545.533561
294,480,1545.643271
456,480,1545.751015
297,480,1545.861684
348,480,1545.968398
267,480,1546.074115
312,480,1546.179833
228,480,1546.28555
270,480,1546.388275
336,480,1546.496985
330,480,1546.624681
324,480,1546.748345
318,480,1546.884949
294,480,1547.036543
261,480,1547.185178
288,480,1547.342725
237,480,1547.478395
300,480,1547.615995
333,480,1547.75562
279,480,1547.888266
291,480,1548.029888
318,480,1548.164526
294,480,1548.297173
153,480,1548.428819
342,480,1548.556884
330,480,1548.682552
354,480,1548.81516
312,480,1548.940859
369,480,1549.067541
150,480,1549.193187
330,480,1549.318856
381,480,1549.44451
324,480,1549.579154
291,480,1549.705814
363,480,1549.832471
459,480,1549.958146
255,480,1550.100721
327,480,1550.226419
246,480,1550.351091
111,480,1550.477771
312,480,1550.605372
249,480,1550.733067
330,480,1550.879671
345,480,1551.026279
309,480,1551.181866
324,480,1551.325447
369,480,1551.469098
198,480,1551.617696
273,480,1551.75131
315,480,1551.883991
339,480,1552.015603
441,480,1552.169229
294,480,1552.30187
366,480,1552.438472
267,480,1552.580094
264,480,1552.715763
339,480,1552.846421
378,480,1552.977031
318,480,1553.114663
324,480,1553.245312
378,480,1553.375966
336,480,1553.508609
351,480,1553.63627
288,480,1553.768915
123,480,1553.898597
321,480,1554.028221
438,480,1554.1619
387,480,1554.288561
381,480,1554.422169
309,480,1554.55485
366,480,1554.68347
417,480,1554.814119
444,480,1554.943816
282,480,1555.07642
309,480,1555.217043
378,480,1555.360658
402,480,1555.501314
381,480,1555.642941
381,480,1555.775585
330,480,1555.90823
411,480,1556.034855
360,480,1556.163513
369,480,1556.292204
447,480,1556.417872
414,480,1556.54652
180,480,1556.67714
210,480,1556.81078
390,480,1556.936486
168,480,1557.070087
324,480,1557.203769
372,480,1557.336377
234,480,1557.466069
234,480,1557.595721
363,480,1557.727329
384,480,1557.852034
369,480,1557.982684
420,480,1558.117326
366,480,1558.247968
390,480,1558.383577
333,480,1558.525196
162,480,1558.658839
369,480,1558.803453
366,480,1558.991982
366,480,1559.150526
381,480,1559.294178
381,480,1559.430774
189,480,1559.583403
375,480,1559.737986
300,480,1559.87762
276,480,1560.013257
348,480,1560.152844
438,480,1560.28652
402,480,1560.420169
336,480,1560.55477
303,480,1560.700418
399,480,1560.843038
363,480,1560.971692
327,480,1561.10334
159,480,1561.232993
132,480,1561.365638
285,480,1561.495296
234,480,1561.625906
408,480,1561.757591
186,480,1561.883253
225,480,1562.01591
339,480,1562.151541
390,480,1562.279159
303,480,1562.406858
234,480,1562.532518
375,480,1562.662135
216,480,1562.798772
261,480,1562.924473
219,480,1563.054126
348,480,1563.184775
213,480,1563.323367
372,480,1563.454054
186,480,1563.581713
390,480,1563.720344
369,480,1563.86093
279,480,1563.985634
441,480,1564.128257
444,480,1564.2609
255,480,1564.389518
240,480,1564.521204
165,480,1564.664781
378,480,1564.79946
408,480,1564.941044
216,480,1565.083663
393,480,1565.215348
366,480,1565.348994
318,480,1565.478607
306,480,1565.617235
414,480,1565.754866
363,480,1565.89951
303,480,1566.034152
258,480,1566.176739
132,480,1566.316397
354,480,1566.46098
315,480,1566.59861
363,480,1566.741228
342,480,1566.896849
372,480,1567.047411
210,480,1567.191029
390,480,1567.329695
360,480,1567.464334
258,480,1567.602963
390,480,1567.74059
201,480,1567.870251
381,480,1568.003852
261,480,1568.137532
432,480,1568.271178
297,480,1568.404825
417,480,1568.533474
462,480,1568.679087
237,480,1568.809735
210,480,1568.933408
240,480,1569.062059
396,480,1569.193723
333,480,1569.322369
336,480,1569.45102
366,480,1569.576697
423,480,1569.711288
273,480,1569.846925
174,480,1569.972625
360,480,1570.111218
315,480,1570.241909
213,480,1570.370525
417,480,1570.506162
270,480,1570.632856
411,480,1570.764504
267,480,1570.894166
108,480,1571.019789
432,480,1571.152474
363,480,1571.281127
429,480,1571.411777
216,480,1571.541433
246,480,1571.671088
192,480,1571.802732
372,480,1571.935379
201,480,1572.069023
303,480,1572.202657
285,480,1572.333313
210,480,1572.468916
249,480,1572.604589
426,480,1572.74721
285,480,1572.885802
243,480,1573.014456
204,480,1573.152087
399,480,1573.29474
432,480,1573.440317
456,480,1573.593908
273,480,1573.756472
321,480,1573.914051
273,480,1574.057666
204,480,1574.202281
150,480,1574.340945
435,480,1574.475586
429,480,1574.611222
171,480,1574.758827
258,480,1574.893484
357,480,1575.052008
321,480,1575.189642
390,480,1575.324319
189,480,1575.450981
351,480,1575.582626
399,480,1575.713273
387,480,1575.848913
177,480,1575.982559
438,480,1576.11322
333,480,1576.242824
279,480,1576.368525
312,480,1576.510148
237,480,1576.643787
306,480,1576.7754
198,480,1576.906051
246,480,1577.040692
369,480,1577.176365
222,480,1577.309014
435,480,1577.44564
147,480,1577.577297
336,480,1577.710898
273,480,1577.841586
462,480,1577.973198
252,480,1578.106881
333,480,1578.237528
357,480,1578.367183
252,480,1578.494805
258,480,1578.628484
219,480,1578.76013
438,480,1578.890785
369,480,1579.016449
201,480,1579.149088
264,480,1579.28569
366,480,1579.42332
405,480,1579.577943
234,480,1579.73748
369,480,1579.91005
216,480,1580.066602
312,480,1580.229209
417,480,1580.394757
357,480,1580.5543
222,480,1580.720857
345,480,1580.900373
342,480,1581.081886
357,480,1581.268388
351,480,1581.442922
369,480,1581.614464
435,480,1581.788995
402,480,1581.968517
330,480,1582.155053
435,480,1582.311598
324,480,1582.475199
411,480,1582.625758
384,480,1582.77935
363,480,1582.92895
405,480,1583.100489
399,480,1583.255116
378,480,1583.403715
372,480,1583.547295
321,480,1583.687956
315,480,1583.825582
192,480,1583.95923
369,480,1584.098819
186,480,1584.239444
219,480,1584.386053
378,480,1584.516701
267,480,1584.64835
315,480,1584.779041
276,480,1584.906698
252,480,1585.044329
183,480,1585.171987
342,480,1585.303639
387,480,1585.435246
342,480,1585.562942
450,480,1585.686617
204,480,1585.813235
447,480,1585.940894
378,480,1586.075571
204,480,1586.205224
318,480,1586.333843
282,480,1586.462499
417,480,1586.604147
312,480,1586.734808
189,480,1586.865422
420,480,1587.003095
438,480,1587.138733
207,480,1587.273378
306,480,1587.403024
273,480,1587.538659
354,480,2104.990092
435,480,2105.149703
309,480,2105.298306
297,480,2105.448417
450,480,2105.591036
444,480,2105.738642
399,480,2105.871288
387,480,2106.007922
345,480,2106.151539
270,480,2106.291167
348,480,2106.432225
417,480,2106.571108
459,480,2106.709543
324,480,2106.842223
354,480,2106.977867
324,480,2107.135405
312,480,2107.283046
420,480,2107.440618
354,480,2107.595212
396,480,2107.749798
429,480,2107.892707
420,480,2108.04826
237,480,2108.199853
384,480,2108.353443
378,480,2108.497984
327,480,2108.644623
432,480,2108.786282
438,480,2108.930608
381,480,2109.076217
294,480,2109.23121
381,480,2109.385796
327,480,2109.545369
312,480,2109.696964
351,480,2109.853582
339,480,2109.998159
426,480,2110.147759
378,480,2110.296158
264,480,2110.442733
273,480,2110.579367
390,480,2110.723984
342,480,2110.861582
315,480,2110.997252
375,480,2111.136886
342,480,2111.275513
390,480,2111.413108
318,480,2111.550777
321,480,2111.68778
432,480,2111.831395
420,480,2111.969988
396,480,2112.111649
339,480,2112.252232
327,480,2112.397889
273,480,2112.536506
384,480,2112.675243
354,480,2112.811666
420,480,2112.947303
312,480,2113.093912
399,480,2113.229549
396,480,2113.378464
288,480,2113.523072
306,480,2113.666694
441,480,2113.801329
384,480,2113.938477
336,480,2114.078763
387,480,2114.221627
456,480,2114.366231
393,480,2114.50782
345,480,2114.650476
396,480,2114.782121
321,480,2114.917723
363,480,2115.051364
447,480,2115.187038
339,480,2115.319649
378,480,2115.456283
387,480,2115.616886
447,480,2115.752523
336,480,2115.883178
333,480,2116.039722
396,480,2116.182342
333,480,2116.313991
336,480,2116.453617
372,480,2116.604213
354,480,2116.74687
447,480,2116.884496
243,480,2117.024089
309,480,2117.160725
363,480,2117.300353
351,480,2117.435024
453,480,2117.571659
435,480,2117.71225
384,480,2117.845894
378,480,2117.983526
282,480,2118.122187
438,480,2118.251809
330,480,2118.379467
384,480,2118.505132
348,480,2118.633786
312,480,2118.762442
342,480,2118.900076
372,480,2119.034716
312,480,2119.164369
405,480,2119.298009
327,480,2119.432651
369,480,2119.568327
375,480,2119.705965
303,480,2119.857548
420,480,2120.019082
300,480,2120.183642
240,480,2120.364159
336,480,2120.539691
288,480,2120.707242
396,480,2120.878786
351,480,2121.052319
456,480,2121.223862
321,480,2121.402385
348,480,2121.58689
294,480,2121.760427
327,480,2121.939584
261,480,2122.113153
351,480,2122.296629
441,480,2122.46621
339,480,2122.642704
288,480,2122.807263
270,480,2122.970827
351,480,2123.143452
291,480,2123.312002
288,480,2123.476561
363,480,2123.649099
423,480,2123.80967
366,480,2123.957218
441,480,2124.108772
435,480,2124.259236
432,480,2124.401435
357,480,2124.548078
438,480,2124.702668
345,480,2124.846248
396,480,2124.985894
384,480,2125.126478
366,480,2125.271091
327,480,2125.414723
387,480,2125.554383
411,480,2125.692017
315,480,2125.835749
375,480,2125.97338
342,480,2126.118007
315,480,2126.260629
294,480,2126.39628
279,480,2126.537902
390,480,2126.678216
354,480,2126.813892
402,480,2126.950637
351,480,2127.087272
297,480,2127.232883
354,480,2127.370514
315,480,2127.507108
348,480,2127.645737
393,480,2127.78337
363,480,2127.925988
384,480,2128.062623
357,480,2128.2031
390,480,2128.349707
279,480,2128.485885
348,480,2128.630261
426,480,2128.779825
414,480,2128.91247
405,480,2129.04412
372,480,2129.172776
336,480,2129.306417
417,480,2129.449074
384,480,2129.583675
429,480,2129.716323
345,480,2129.856948
396,480,2129.994437
366,480,2130.135061
327,480,2130.275684
330,480,2130.409327
354,480,2130.543
414,480,2130.681633
342,480,2130.823222
435,480,2130.959888
369,480,2131.106498
408,480,2131.252106
369,480,2131.391702
333,480,2131.527339
360,480,2131.665969
444,480,2131.815566
426,480,2131.950244
429,480,2132.081856
414,480,2132.214538
396,480,2132.343197
402,480,2132.477799
318,480,2132.604495
390,480,2132.734147
366,480,2132.863764
384,480,2132.997442
291,480,2133.131052
312,480,2133.2617
381,480,2133.389395
399,480,2133.514025
405,480,2133.641723
408,480,2133.782358
423,480,2133.91898
390,480,2134.059599
375,480,2134.210166
417,480,2134.344805
441,480,2134.478446
426,480,2134.605146
354,480,2134.728814
336,480,2134.857437
258,480,2134.990079
360,480,2135.125715
384,480,2135.26634
270,480,2135.400022
366,480,2135.534623
369,480,2135.665313
372,480,2135.790938
378,480,2135.92159
282,480,2136.063242
372,480,2136.217836
408,480,2136.359458
306,480,2136.504068
378,480,2136.648684
429,480,2136.7903
306,480,2136.91992
378,480,2137.05855
387,480,2137.201169
426,480,2137.338801
342,480,2137.472443
306,480,2137.628026
390,480,2137.763703
426,480,2137.900301
369,480,2138.036935
228,480,2138.175561
375,480,2138.320174
267,480,2138.458841
351,480,2138.598466
270,480,2138.740054
360,480,2138.888655
378,480,2139.032271
429,480,2139.167908
372,480,2139.311559
372,480,2139.436192
375,480,2139.568838
339,480,2139.714479
351,480,2139.84214
390,480,2139.977744
360,480,2140.119365
270,480,2140.247064
342,480,2140.37568
405,480,2140.506362
381,480,2140.634985
381,480,2140.766669
432,480,2140.897317
432,480,2141.030961
369,480,2141.163621
321,480,2141.293265
354,480,2141.425912
393,480,2141.557552
405,480,2141.692197
402,480,2141.818861
444,480,2141.957489
402,480,2142.091094
384,480,2142.225732
390,480,2142.366396
282,480,2142.488069
315,480,2142.624668
339,480,2142.753359
360,480,2142.884009
414,480,2143.017617
399,480,2143.145311
360,480,2143.269942
399,480,2143.396642
312,480,2143.525258
429,480,2143.657945
348,480,2143.790584
369,480,2143.918207
300,480,2144.067808
423,480,2144.204441
285,480,2144.338086
411,480,2144.470733
258,480,2144.617339
198,480,2144.757962
432,480,2144.907597
438,480,2145.042235
417,480,2145.188845
444,480,2145.335448
318,480,2145.484023
318,480,2145.625643
306,480,2145.771288
336,480,2145.912876
276,480,2146.043558
414,480,2146.181198
417,480,2146.311844
312,480,2146.440501
435,480,2146.570155
297,480,2146.702765
405,480,2146.833415
210,480,2146.958114
432,480,2147.082777
336,480,2147.21742
399,480,2147.356048
348,480,2147.486666
426,480,2147.612331
303,480,2147.744011
315,480,2147.877622
363,480,2148.007274
285,480,2148.145907
369,480,2148.32343
432,480,2148.484996
279,480,2148.645569
390,480,2148.802149
396,480,2148.953748
285,480,2149.116308
270,480,2149.271892
390,480,2149.421492
387,480,2149.57209
390,480,2149.747623
378,480,2149.895264
390,480,2150.042876
282,480,2150.18349
411,480,2150.3171
429,480,2150.452735
321,480,2150.585422
357,480,2150.721018
417,480,2150.847679
462,480,2150.988304
261,480,2151.123973
402,480,2151.257617
276,480,2151.390264
264,480,2151.531892
384,480,2151.681476
306,480,2151.818086
372,480,2151.946781
429,480,2152.0854
351,480,2152.230983
378,480,2152.365623
393,480,2152.507242
258,480,2152.644876
342,480,2152.80448
369,480,2152.934136
438,480,2153.070736
378,480,2153.213356
378,480,2153.348028
381,480,2153.492643
339,480,2153.619309
324,480,2153.748922
408,480,2153.893571
417,480,2154.022231
405,480,2154.162851
333,480,2154.297456
435,480,2154.426112
336,480,2154.571724
435,480,2154.712348
270,480,2154.836053
252,480,2154.960719
438,480,2155.099349
411,480,2155.230001
423,480,2155.362608
387,480,2155.492261
360,480,2155.630933
432,480,2155.757591
441,480,2155.883256
447,480,2156.015896
300,480,2156.148508
378,480,2156.284143
435,480,2156.414794
384,480,2156.543507
429,480,2156.681123
399,480,2156.803789
387,480,2156.925469
402,480,2157.061102
390,480,2157.190753
456,480,2157.322406
453,480,2157.453018
384,480,2157.592685
270,480,2157.730314
345,480,2157.855974
441,480,2157.983602
249,480,2158.122231
402,480,2158.262892
411,480,2158.394534
288,480,2158.539148
318,480,2158.682764
423,480,2158.815409
378,480,2158.952046
450,480,2159.086684
399,480,2159.227308
408,480,2159.366947
441,480,2159.504571
318,480,2159.650144
285,480,2159.785819
387,480,2159.92441
399,480,2160.059053
414,480,2160.191698
384,480,2160.328368
396,480,2160.476936
294,480,2160.611614
375,480,2160.750202
408,480,2160.882889
306,480,2161.009542
462,480,2161.15213
414,480,2161.289762
369,480,2161.411471
420,480,2161.539096
372,480,2161.673735
411,480,2161.800396
393,480,2161.925061
360,480,2162.051725
252,480,2162.199329
267,480,2162.322998
348,480,2162.450657
318,480,2162.587292
402,480,2162.72991
291,480,2162.8596
318,480,2162.995201
369,480,2163.119869
417,480,2163.247566
339,480,2163.377218
324,480,2163.50085
417,480,2163.635489
279,480,2163.776114
360,480,2163.897824
276,480,2164.02445
396,480,2164.15909
291,480,2164.286751
414,480,2164.42043
270,480,2164.559019
456,480,2164.687675
369,480,2164.839307
351,480,2164.964936
453,480,2165.101568
432,480,2165.236211
336,480,2165.364909
294,480,2165.501502
267,480,2165.636176
450,480,2165.767789
414,480,2165.90645
303,480,2166.044082
441,480,2166.18268
372,480,2166.319314
348,480,2166.459971
399,480,2166.604553
444,480,2166.747168
372,480,2166.898803
336,480,2167.0484
369,480,2167.187993
222,480,2167.323627
405,480,2167.459297
357,480,2167.60687
387,480,2167.748524
402,480,2167.880176
414,480,2168.012819
276,480,2168.140445
432,480,2168.270136
369,480,2168.395812
315,480,2168.521426
414,480,2168.654105
294,480,2168.782766
441,480,2168.910386
339,480,2169.04506
420,480,2169.179702
363,480,2169.317296
462,480,2169.457957
417,480,2169.582589
339,480,2169.715234
303,480,2169.848877
288,480,2169.98456
432,480,2170.122146
381,480,2170.251834
396,480,2170.380495
387,480,2170.504124
429,480,2170.64475
342,480,2170.7744
264,480,2170.923044
411,480,2171.049667
363,480,2171.18231
315,480,2171.310966
432,480,2171.444609
342,480,2171.570273
435,480,2171.700926
285,480,2171.828582
285,480,2171.976188
441,480,2172.119838
405,480,2172.252451
411,480,2172.380109
321,480,2172.515782
324,480,2172.654414
303,480,2172.783031
399,480,2172.922693
318,480,2173.05733
363,480,2173.186983
333,480,2173.335557
240,480,2173.500113
357,480,2173.649713
426,480,2173.794327
354,480,2173.946919
315,480,2174.095522
291,480,2174.232193
417,480,2174.368792
465,480,2174.504461
429,480,2174.63807
333,480,2174.779693
333,480,2174.923335
366,480,2175.072945
297,480,2175.230488
294,480,2175.365166
435,480,2175.50675
450,480,2175.65934
273,480,2175.81097
300,480,2175.935601
381,480,2176.069243
363,480,2176.195904
423,480,2176.324561
291,480,2176.451271
402,480,2176.58287
429,480,2176.708572
414,480,2176.833204
279,480,2176.973863
450,480,2177.104475
378,480,2177.231137
351,480,2177.365814
378,480,2177.493438
312,480,2177.634061
315,480,2177.764711
318,480,2177.896408
318,480,2178.042002
408,480,2178.166674
318,480,2178.308296
396,480,2178.430979
318,480,2178.581528
375,480,2178.709222
336,480,2178.837882
435,480,2179.002405
342,480,2179.158983
372,480,2179.308583
390,480,2179.462214
336,480,2179.635708
339,480,2179.781321
318,480,2179.945882
459,480,2180.158313
348,480,2180.419613
333,480,2180.626062
321,480,2180.80658
384,480,2180.991085
429,480,2181.167614
336,480,2181.358103
387,480,2181.620404
294,480,2181.929577
360,480,2182.132034
435,480,2182.326548
390,480,2182.497094
288,480,2182.664609
402,480,2182.82219
378,480,2182.975813
381,480,2183.142334
381,480,2183.295923
408,480,2183.45749
450,480,2183.611113
423,480,2183.765701
366,480,2183.908284
438,480,2184.051901
372,480,2184.185543
426,480,2184.331191
402,480,2184.457851
375,480,2184.588498
426,480,2184.732081
417,480,2184.872707
411,480,2185.013371
402,480,2185.163972
366,480,2185.297569
312,480,2185.425228
354,480,2185.557873
366,480,2185.690557
324,480,2185.821247
315,480,2185.953817
414,480,2186.099463
339,480,2186.243079
372,480,2186.371731
285,480,2186.511325
318,480,2186.639982
327,480,2186.767676
381,480,2186.893338
414,480,2187.026988
387,480,2187.166572
414,480,2187.298258
342,480,2187.434856
453,480,2187.561554
354,480,2187.701145
321,480,2187.824813
369,480,2187.953505
357,480,2188.086147
396,480,2188.214771
369,480,2188.355431
303,480,2188.488039
435,480,2188.626668
444,480,2188.768292
273,480,2188.912907
339,480,2189.049537
348,480,2189.192156
354,480,2189.320813
405,480,2729.807429
279,480,2729.969039
333,480,2730.1077
435,480,2730.240814
441,480,2730.364188
375,480,2730.489882
348,480,2730.609566
303,480,2730.736223
279,480,2730.853878
354,480,2730.985527
408,480,2731.110228
414,480,2731.23486
363,480,2731.360528
291,480,2731.478209
291,480,2731.597923
345,480,2731.711585
390,480,2731.832261
363,480,2731.945958
405,480,2732.070655
432,480,2732.183359
363,480,2732.296039
282,480,2732.407758
384,480,2732.51846
351,480,2732.637141
333,480,2732.755791
405,480,2732.873509
441,480,2732.995151
321,480,2733.11288
342,480,2733.227567
327,480,2733.342255
330,480,2733.458957
330,480,2733.581619
291,480,2733.696277
381,480,2733.811007
420,480,2733.930684
309,480,2734.041357
225,480,2734.158049
321,480,2734.275728
339,480,2734.386467
291,480,2734.506147
318,480,2734.619807
324,480,2734.7355
375,480,2734.850193
372,480,2734.964887
282,480,2735.080607
354,480,2735.193306
432,480,2735.308007
423,480,2735.420666
366,480,2735.535361
288,480,2735.649055
273,480,2735.774751
294,480,2735.89041
348,480,2736.006104
387,480,2736.127807
360,480,2736.244501
354,480,2736.367136
378,480,2736.483824
351,480,2736.606542
276,480,2736.724183
372,480,2736.840871
450,480,2736.954566
330,480,2737.068261
375,480,2737.193927
372,480,2737.312639
456,480,2737.440267
357,480,2737.568965
366,480,2737.695616
312,480,2737.818255
330,480,2737.942924
414,480,2738.066623
390,480,2738.19525
363,480,2738.350832
390,480,2738.498469
402,480,2738.635072
435,480,2738.77473
267,480,2738.901398
333,480,2739.031046
369,480,2739.153687
285,480,2739.326223
363,480,2739.471841
291,480,2739.614456
408,480,2739.754086
372,480,2739.899693
270,480,2740.041312
357,480,2740.177946
315,480,2740.326585
396,480,2740.495131
441,480,2740.634727
414,480,2740.875084
381,480,2741.097521
297,480,2741.290971
339,480,2741.445558
435,480,2741.594161
321,480,2741.737809
315,480,2741.867448
285,480,2741.998082
312,480,2742.124771
324,480,2742.248443
345,480,2742.368124
372,480,2742.486773
369,480,2742.611442
336,480,2742.73514
369,480,2742.852826
321,480,2742.972476
360,480,2743.156992
393,480,2743.379419
312,480,2743.600808
192,480,2743.827189
360,480,2743.973798
276,480,2744.125425
348,480,2744.32888
384,480,2744.477453
339,480,2744.624061
306,480,2744.817552
297,480,2744.957168
318,480,2745.095831
306,480,2745.331169
285,480,2745.484791
372,480,2745.643334
381,480,2745.797958
339,480,2745.928609
318,480,2746.049285
282,480,2746.171962
330,480,2746.28765
291,480,2746.402341
279,480,2746.525008
399,480,2746.642698
396,480,2746.765366
375,480,2746.884049
432,480,2747.003729
438,480,2747.124412
354,480,2747.242096
429,480,2747.359781
429,480,2747.474439
336,480,2747.609079
402,480,2747.736773
381,480,2747.866425
300,480,2747.987099
354,480,2748.113768
399,480,2748.23643
363,480,2748.356115
333,480,2748.474795
345,480,2748.59245
315,480,2748.717116
321,480,2748.836827
249,480,2748.956477
288,480,2749.080148
378,480,2749.201854
396,480,2749.319505
414,480,2749.442212
270,480,2749.562857
288,480,2749.682536
345,480,2749.803243
303,480,2749.92691
396,480,2750.047594
336,480,2750.166241
426,480,2750.285921
384,480,2750.40264
309,480,2750.516304
375,480,2750.634022
258,480,2750.749705
414,480,2750.868396
411,480,2750.983093
411,480,2751.095792
342,480,2751.205498
345,480,2751.314171
363,480,2751.425885
396,480,2751.541563
396,480,2751.654264
420,480,2751.766962
291,480,2751.877701
345,480,2751.98342
351,480,2752.092092
300,480,2752.199841
336,480,2752.307539
357,480,2752.417259
378,480,2752.552902
396,480,2752.674536
387,480,2752.791224
390,480,2752.921873
336,480,2753.095409
387,480,2753.269943
288,480,2753.411564
396,480,2753.590088
441,480,2753.865352
423,480,2754.01994
429,480,2754.201454
402,480,2754.333133
387,480,2754.46375
348,480,2754.594433
303,480,2754.706138
381,480,2754.816843
360,480,2754.924558
366,480,2755.036221
303,480,2755.144966
279,480,2755.250682
420,480,2755.368331
405,480,2755.594728
399,480,2755.786216
405,480,2756.038542
411,480,2756.24702
342,480,2756.595055
393,480,2756.881289
429,480,2757.180517
429,480,2757.368018
375,480,2757.540557
354,480,2757.701127
309,480,2757.933474
234,480,2758.247633
369,480,2758.451091
405,480,2758.61964
168,480,2758.77622
438,480,2758.926849
327,480,2759.074459
399,480,2759.228044
315,480,2759.372662
258,480,2759.521229
378,480,2759.69679
441,480,2759.876279
252,480,2760.036887
390,480,2760.195457
450,480,2760.414876
246,480,2760.619299
384,480,2760.7659
417,480,2760.907523
411,480,2761.064138
315,480,2761.207719
282,480,2761.368303
429,480,2761.554794
423,480,2761.791257
261,480,2762.047474
258,480,2762.364625
375,480,2762.610967
273,480,2762.853322
318,480,2763.221349
216,480,2763.566425
381,480,2763.846198
435,480,2764.052646
399,480,2764.230206
351,480,2764.407697
345,480,2764.569263
435,480,2764.736816
276,480,2764.895394
354,480,2765.075909
390,480,2765.252437
309,480,2765.419026
246,480,2765.59153
330,480,2765.789003
429,480,2766.053353
339,480,2766.247415
414,480,2766.407198
420,480,2766.56079
444,480,2766.707399
297,480,2766.852008
294,480,2766.985197
348,480,2767.137966
417,480,2767.267203
354,480,2767.397198
456,480,2767.527854
408,480,2767.662494
375,480,2767.797141
345,480,2767.979646
411,480,2768.165149
264,480,2768.320732
312,480,2768.473353
318,480,2768.623642
408,480,2768.774264
405,480,2768.912869
351,480,2769.082423
363,480,2769.268918
399,480,2769.466389
333,480,2769.722223
405,480,2769.89576
333,480,2770.052338
399,480,2770.205197
300,480,2770.358338
405,480,2770.485962
282,480,2770.608632
366,480,2770.741322
267,480,2770.860994
192,480,2770.972736
426,480,2771.084401
390,480,2771.200091
447,480,2771.342709
387,480,2771.510262
342,480,2771.643936
276,480,2771.780087
282,480,2771.912737
354,480,2772.035404
264,480,2772.156085
456,480,2772.27174
378,480,2772.382444
324,480,2772.494146
378,480,2772.604851
309,480,2772.720547
393,480,2772.832255
204,480,2772.951969
435,480,2773.081634
312,480,2773.21794
402,480,2773.334663
321,480,2773.452351
432,480,2773.569997
255,480,2773.684722
315,480,2773.800381
339,480,2773.924051
297,480,2774.046724
363,480,2774.170431
411,480,2774.30204
285,480,2774.453636
351,480,2774.589272
402,480,2774.723949
288,480,2774.847583
261,480,2774.97524
399,480,2775.097914
381,480,2775.217592
357,480,2775.340266
414,480,2775.470916
318,480,2775.602562
303,480,2775.731254
399,480,2775.862901
423,480,2775.993549
318,480,2776.141158
348,480,2776.271774
462,480,2776.396441
420,480,2776.51816
237,480,2776.641816
399,480,2776.76748
249,480,2776.889154
225,480,2777.032739
393,480,2777.181343
279,480,2777.327949
393,480,2777.464621
429,480,2777.606237
291,480,2777.730907
393,480,2777.850552
366,480,2777.968387
270,480,2778.086073
345,480,2778.208745
372,480,2778.324436
450,480,2778.439165
339,480,2778.548872
405,480,2778.662531
351,480,2778.774281
300,480,2778.883976
357,480,2779.004618
402,480,2779.113327
366,480,2779.233006
420,480,2779.347701
324,480,2779.472367
399,480,2779.607006
327,480,2779.739653
435,480,2779.873332
237,480,2780.010926
213,480,2780.181473
435,480,2780.348062
414,480,2780.493639
405,480,2780.633264
333,480,2780.769899
381,480,2780.901547
423,480,2781.038182
435,480,2781.175812
429,480,2781.313444
252,480,2781.517898
393,480,2781.679466
447,480,2781.830065
360,480,2781.964704
417,480,2782.101338
378,480,2782.225007
438,480,2782.352665
396,480,2782.475337
393,480,2782.605023
450,480,2782.742655
456,480,2783.025869
357,480,2783.329059
219,480,2783.624268
360,480,2783.824731
381,480,2784.029185
246,480,2784.170804
384,480,2784.297468
402,480,2784.428152
273,480,2784.551785
321,480,2784.671465
387,480,2784.839024
405,480,2784.981636
426,480,2785.117273
378,480,2785.326716
414,480,2785.624918
441,480,2785.77556
249,480,2786.052775
300,480,2786.373914
396,480,2786.583386
408,480,2786.746919
399,480,2786.956392
402,480,2787.153865
390,480,2787.37025
261,480,2787.624571
342,480,2787.838998
405,480,2787.9961
288,480,2788.145691
444,480,2788.302304
408,480,2788.434955
348,480,2788.581558
414,480,2788.73711
363,480,2788.963537
378,480,2789.151027
405,480,2789.294845
330,480,2789.436591
255,480,2789.580177
303,480,2789.744782
327,480,2789.884364
330,480,2790.033
408,480,2790.218469
249,480,2790.38004
318,480,2790.573588
360,480,2790.736158
423,480,2790.891296
321,480,2791.03349
312,480,2791.162652
381,480,2791.295328
312,480,2791.418998
297,480,2791.552641
333,480,2791.675282
375,480,2791.833891
309,480,2792.030866
369,480,2792.211422
315,480,2792.442801
438,480,2792.625335
360,480,2792.770564
363,480,2792.911692
444,480,2793.067275
405,480,2793.251749
288,480,2793.397359
276,480,2793.532001
306,480,2793.658696
423,480,2793.791308
378,480,2793.918999
351,480,2794.047199
429,480,2794.173873
381,480,2794.299866
315,480,2794.422613
393,480,2794.545746
435,480,2794.661975
375,480,2794.789604
336,480,2794.969155
291,480,2795.166595
276,480,2795.31021
384,480,2795.442857
351,480,2795.579004
372,480,2795.7067
387,480,2795.84832
354,480,2795.975053
306,480,2796.113159
441,480,2796.243913
324,480,2796.399524
342,480,2796.552112
342,480,2796.693748
327,480,2796.827384
447,480,2796.96003
327,480,2797.096094
414,480,2797.218729
360,480,2797.348389
456,480,2797.474086
369,480,2797.603706
279,480,2797.731485
342,480,2797.850641
333,480,2797.981907
435,480,2798.120529
381,480,2798.253142
354,480,2798.375811
378,480,2798.503471
435,480,2798.63217
312,480,2798.759816
303,480,2798.887483
402,480,2799.030603
300,480,2799.158289
342,480,2799.282966
411,480,2799.399153
342,480,2799.52978
402,480,2799.658468
231,480,2799.79108
333,480,2799.972596
435,480,2800.135161
387,480,2800.28978
375,480,2800.423975
330,480,2800.561643
264,480,2800.687304
378,480,2800.816966
324,480,2800.956361
348,480,2801.098495
306,480,2801.242647
252,480,2801.389228
333,480,2801.535867
354,480,2801.667482
417,480,2801.788191
306,480,2801.912863
264,480,2802.0345
381,480,2802.157746
411,480,2802.277431
459,480,2802.398108
423,480,2802.526801
333,480,2802.649031
312,480,2802.76669
306,480,2802.885886
297,480,2803.009587
330,480,2803.131231
426,480,2803.2549
381,480,2803.373612
300,480,2803.501241
276,480,2803.621951
378,480,2803.741632
348,480,2803.860316
375,480,2803.976731
306,480,2804.105387
390,480,2804.229784
432,480,2804.357022
345,480,2804.482734
327,480,2804.614939
447,480,2804.73764
309,480,2804.892233
369,480,2805.092664
327,480,2805.26321
345,480,2805.408849
285,480,2805.549473
336,480,2805.692661
357,480,2805.83528
321,480,2806.049713
354,480,2806.300043
309,480,2806.440703
360,480,2806.573313
375,480,2806.702994
333,480,2806.825673
384,480,2806.947877
354,480,2807.071551
351,480,2807.191228
333,480,2807.312904
336,480,2807.43715
333,480,2807.582308
324,480,2807.735413
441,480,2807.981786
285,480,2808.146345
327,480,2808.284973
369,480,2808.42061
381,480,2808.566762
357,480,2808.694757
369,480,2808.819425
339,480,2808.939109
339,480,2809.063321
348,480,2809.183477
426,480,2809.301668
312,480,2809.418355
354,480,2809.532087
366,480,2809.656754
399,480,2809.772441
378,480,2809.951928
381,480,2810.150938
387,480,2810.30513
447,480,2810.547463
384,480,2810.698066
396,480,2810.829773
393,480,2810.954437
399,480,2811.077151
423,480,2811.196789
390,480,2811.386283
390,480,2811.568831
414,480,2811.79969
408,480,2811.988187
408,480,2812.151752
402,480,2812.288962
315,480,2812.417768
327,480,2812.555884
357,480,2812.680549
318,480,2812.807212
306,480,2812.926925
348,480,2813.056549
366,480,2813.176224
345,480,2813.296903
363,480,2813.421568
273,480,2813.549801
318,480,2813.682021
357,480,2813.816692
387,480,2813.95925
408,480,2814.099387
375,480,2814.235041
336,480,2814.371679
399,480,2814.510305
444,480,2814.645147
297,480,2814.776827
375,480,2814.911465
279,480,2815.053056
405,480,2815.181714
372,480,2815.314897
306,480,2815.437587
357,480,2815.571226
429,480,2815.695067
327,480,2815.83467
345,480,2815.967315
297,480,2816.112927
351,480,2816.240618
381,480,2816.370239
378,480,2816.495903
